{
  "knjige" : {
    "-MNQftJa4rskH-dBqE9Z" : {
      "autor" : "Ivo Andrić",
      "brojStranica" : "352",
      "cena" : 935,
      "godinaIzdavanja" : "2020",
      "isbn" : "9788610034226",
      "izdavackaKuca" : "Vulkan izdavaštvo",
      "jezik" : "Srpski",
      "naziv" : "Na Drini ćuprija",
      "ocena" : 5,
      "opis" : "Sudbina Mehmed-paše Sokolovića predodredila je da njegov život bude prekinut pre otelotvorenja njegove ideje na javi. On je napustio ovaj svet a veliki most na Drini je ostao kao simbol trajanja. Oko njega će se isplesti bezbroj priča o ljudima, njihovim sudbinama i istorijskim dešavanjima.",
      "pismo" : "Ćirilica",
      "slika" : "https://imgur.com/kTquRc0",
      "tipPoveza" : "Tvrdi"
    },
    "-MNQg8Nd8YPRs-5Kbgqu" : {
      "autor" : "Herman Melville",
      "brojStranica" : "704",
      "cena" : 470,
      "godinaIzdavanja" : "2017",
      "isbn" : "9781847496447",
      "izdavackaKuca" : "Alma Books",
      "jezik" : "Engleski",
      "naziv" : "Moby Dick",
      "ocena" : 5,
      "opis" : "When the young Ishmael gets on board Captain Ahab's whaling ship, little does he suspect that the mission on which he is about to embark is the fulfilment of his master's obsessive desire for revenge on Moby Dick, a white whale who has already claimed countless human victims and destroyed many fleets. With some sinister crew members in their midst and the hazardous conditions of the sea to contend with, the expedition becomes increasingly dangerous the closer it gets to its quarry.",
      "pismo" : "Latinica",
      "slika" : "https://imgur.com/LfrIt2t",
      "tipPoveza" : "Tvrdi"
    },
    "-MNQgI0t2nV3AT1YxNAr" : {
      "autor" : "Benjamin Jakobus",
      "brojStranica" : "354",
      "cena" : 1760,
      "godinaIzdavanja" : "2018",
      "isbn" : "9788673105260",
      "izdavackaKuca" : "Kompjuter biblioteka",
      "jezik" : "Srpski",
      "naziv" : "Naučite Bootstrap 4",
      "ocena" : 5,
      "opis" : "Ova knjiga će vam pomoći da upotrebite i prilagodite Bootstrap za kreiranje privlačnih veb sajtova koji odgovaraju vašim potrebama. Kreiraćete prilagođeni Bootstrap veb sajt korišćenjem različitih pristupa za prilagođavanje radnog okvira. Koristićete ključne funkcije Bootstrapa i brzo ćete otkriti različite načine na koje Bootstrap može da vam pomogne da kreirate veb interfejse.",
      "pismo" : "Latinica",
      "slika" : "https://imgur.com/gNvXh3p",
      "tipPoveza" : "Tvrdi"
    },
    "-MNQgO7Cm756dkG36efQ" : {
      "autor" : "Stefania Auci",
      "brojStranica" : "448",
      "cena" : 1170,
      "godinaIzdavanja" : "2019",
      "isbn" : "9788842931539",
      "izdavackaKuca" : "Editrice Nord",
      "jezik" : "Italijanski",
      "naziv" : "I leoni di Sicilia",
      "ocena" : 4,
      "opis" : "Roman o porodici Florio, nekrunisanim kraljevima Sicilije. Bila jednom jedna porodica koja se suprotstavila postojećem. Porodica koja je rizikovala sve. Porodica koja je ušla u legendu. Uplićući priču o društvenom i trgovačkom uspehu Floriovih sa njihovim burnim životima, tokom najnemirnijih godina u italijanskoj istoriji, Stefanija Auči razmotava klupko jedne neverovatne porodične sage.",
      "pismo" : "Latinica",
      "slika" : "https://imgur.com/zT6iM5L",
      "tipPoveza" : "Tvrdi"
    },
    "-MNQgUTr_lN9O7L8AoUS" : {
      "autor" : "Leonardo Padura",
      "brojStranica" : "632",
      "cena" : 1530,
      "godinaIzdavanja" : "2020",
      "isbn" : "9788652138586",
      "izdavackaKuca" : "Laguna",
      "jezik" : "Srpski",
      "naziv" : "Čovek koji je voleo pse",
      "ocena" : 5,
      "opis" : "Kroz razuđenu epsku sliku najvažnijih događanja u svetu u prve četiri decenije XX veka — čiji odjeci u romanu živo pulsiraju gotovo do kraja veka — u širokom geografskom rasponu od današnjeg Kazahstana, preko Turske, nekoliko evropskih zemalja, pa do prekookeanskih Sjedinjenih Država, Meksika i Kube, pratimo životopis jednog revolucionara i njegovog ubice, dva lika zadojena istim idealima, ali potpuno suprotno ostvarivanim. Između njih i sa njima, na različite načine, nalazi se pripovedač, Kubanac.",
      "pismo" : "Latinica",
      "slika" : "https://imgur.com/ZTCdP9d",
      "tipPoveza" : "Meki"
    },
    "-MNQg_nhfUBoPJKBu72e" : {
      "autor" : "Mikhail Bulgakov",
      "brojStranica" : "160",
      "cena" : 515,
      "godinaIzdavanja" : "2012",
      "isbn" : "9781847492869",
      "izdavackaKuca" : "Alma Books",
      "jezik" : "Ruski",
      "naziv" : "A Young Doctor's Notebook",
      "ocena" : 3,
      "opis" : "Using a sharply realistic and humorous style, Bulgakov reveals his doubts about his own competence and the immense burden of responsibility, as he deals with a superstitious and poorly educated people struggling to enter the modern age.",
      "pismo" : "Latinica",
      "slika" : "https://imgur.com/PZBvTC4",
      "tipPoveza" : "Meki"
    },
    "-MNQgfzXvQgwB8K-SVfF" : {
      "autor" : "Federico Kereki",
      "brojStranica" : "470",
      "cena" : 2310,
      "godinaIzdavanja" : "2020",
      "isbn" : "9788673105505",
      "izdavackaKuca" : "Kompjuter biblioteka",
      "jezik" : "Srpski",
      "naziv" : "JavaScript funkcionalno programiranje",
      "ocena" : 4,
      "opis" : "Funkcionalno programiranje je paradigma za razvoj softvera sa boljim performansama. Ono pomaže da napišete sažet kod i kod koji se može testirati. Da biste podigli vaše programske veštine na viši nivo, ova sveobuhvatna knjiga će vam pomoći da iskoristite mogućnosti funkcionalnog programiranja u JavaScriptu i da napišete visokoodržive i testirane aplikacije za Veb i server pomoću funkcionalnog JavaScripta.",
      "pismo" : "Latinica",
      "slika" : "https://imgur.com/ZMXbcRl",
      "tipPoveza" : "Meki"
    },
    "-MNQgnHVDMtvSasYG0C8" : {
      "autor" : "Arundhati Roy",
      "brojStranica" : "256",
      "cena" : 935,
      "godinaIzdavanja" : "2020",
      "isbn" : "9780241470022",
      "izdavackaKuca" : "Penguin",
      "jezik" : "Engleski",
      "naziv" : "Azadi",
      "ocena" : 2,
      "opis" : "The chant of 'Azadi!' - Urdu for 'Freedom!' - is the slogan of the freedom struggle in Kashmir against what Kashmiris see as the Indian Occupation. Ironically, it also became the chant of millions on the streets of India against the project of Hindu Nationalism.",
      "pismo" : "Latinica",
      "slika" : "https://imgur.com/ZEMPkEP",
      "tipPoveza" : "Meki"
    },
    "-MNQgskLWMjQvDpJndJO" : {
      "autor" : "Miladin Ševarlić",
      "brojStranica" : "170",
      "cena" : 590,
      "godinaIzdavanja" : "2020",
      "isbn" : "9788660813178",
      "izdavackaKuca" : "Albatros plus",
      "jezik" : "Srpski",
      "naziv" : "Soba bez izlaza",
      "ocena" : 3,
      "opis" : "Soba bez izlaza Miladina Ševarlića je hirurški precizna anatomija jednog vremena koje smo hotimično potisnuli u istorijsku podsvest. Anatomija zla. Već od uvodnog poglavlja, čitaoci ne mogu a da se ne zapitaju: Gde smo se to obreli? U kojem svetu? U čijoj stvarnosti?",
      "pismo" : "Ćirilica",
      "slika" : "https://imgur.com/mHwcIDm",
      "tipPoveza" : "Meki"
    },
    "-MNQgy9N5foEWTmmA_1U" : {
      "autor" : "Srđan Valjarević",
      "brojStranica" : "240",
      "cena" : 500,
      "godinaIzdavanja" : "2019",
      "isbn" : "9788652133796",
      "izdavackaKuca" : "Laguna",
      "jezik" : "Srpski",
      "naziv" : "Komo",
      "ocena" : 1,
      "opis" : "Iz stranice u stranicu ove izuzetne kontemplativne proze pripovedač osobenim senzibilitetom uvlači čitaoca u jedinstvenu atmosferu svog boravka na jezeru Komo u podnožju Alpa. Prekrasan roman, intimna hronika jednog nepokajanog ljubitelja kapljice koji nalazi reči da to iskaže.",
      "pismo" : "Latinica",
      "slika" : "https://imgur.com/BYOA5d9",
      "tipPoveza" : "Meki"
    }
  },
  "korisnici" : {
    "-MNQo55Aw0tLdwahMZMK" : {
      "adresa" : "Gogoljeva 39, Novi Sad",
      "datumRodjenja" : "1994-10-22",
      "email" : "ppetrovic@webd.com",
      "ime" : "Petar",
      "password" : "petar123",
      "prezime" : "Petrović",
      "telefon" : "061456456",
      "username" : "petar"
    },
    "-MNQoCqEXydVTdCNV47C" : {
      "adresa" : "Jug Bogdana 14, Zrenjanin",
      "datumRodjenja" : "1982-05-05",
      "email" : "jjovanovic@webd.com",
      "ime" : "Jovana",
      "password" : "jovana123",
      "prezime" : "Jovanović",
      "telefon" : "062321321",
      "username" : "jovana"
    },
    "-MNQoJw2p9rci4Rm_rYY" : {
      "adresa" : "Cara Lazara 9a, Kragujevac",
      "datumRodjenja" : "1990-09-17",
      "email" : "mmarkovic@webd.com",
      "ime" : "Marko",
      "password" : "marko123",
      "prezime" : "Marković",
      "telefon" : "063876876",
      "username" : "marko"
    },
    "-MNQoR-5erkWvcm8Hdnk" : {
      "adresa" : "Solunska 5, Niš",
      "datumRodjenja" : "1973-03-10",
      "email" : "ffilipovic@webd.com",
      "ime" : "Filip",
      "password" : "filip123",
      "prezime" : "Filipović",
      "telefon" : "064159159",
      "username" : "filip"
    },
    "-MNQoWt_gDudX5W8TLQj" : {
      "adresa" : "Ružićeva 32, Beograd",
      "datumRodjenja" : "1998-06-29",
      "email" : "ttijanic@webd.com",
      "ime" : "Tijana",
      "password" : "tijana123",
      "prezime" : "Tijanić",
      "telefon" : "065753753",
      "username" : "tijana"
    }
  }
}
